Cux2,Satb2,Eef2,Vglut1,Fezf2,Gad1,Rspo1,Col6a1,Slc30a3,Sulf2,Rprm,Rorb,C1ql3,Rbp4,Lmo4,Bcl6,Pvalb,Syt6,Tshz2,Dkk3,Penk,Tbr1,Tac1,Bcl11b,Otof,Vip,Cdh9,Rasgrf2,Cck,Etv1,StrucType,FuncType,CID
0.0987683079111151,0.0987683079111151,0.148152461866673,0.214631130653,0.00759756214700886,0.0189939053675221,0.0436859823453009,0.0398872012717965,0.0702774498598319,0.0132957337572655,0.00569817161025664,0.00759756214700886,0.026591467514531,0.0759756214700886,0.053182935029062,0.00569817161025664,0.00189939053675221,0.00189939053675221,0.0227926864410266,0.026591467514531,0.0436859823453009,0.0113963432205133,0.00189939053675221,0.00949695268376107,0.0398872012717965,0.0208932959042744,0.0303902485880354,0.0246920769777788,0.0474847634188054,0.00379878107350443,IT,Chkbd,186_1
0.121181709434325,0.130270337641899,0.130270337641899,0.224186162453501,0.00605908547171624,0.0151477136792906,0.0424135983020137,0.0727090256605949,0.0666499401888787,0.0181772564151487,0.00605908547171624,0.00605908547171624,0.0666499401888787,0.106033995755034,0.109063538490892,0.0181772564151487,0.00908862820757436,0.00605908547171624,0.0515022265095881,0.0727090256605949,0.0696794829247368,0.0333249700944393,0.00908862820757436,0.00302954273585812,0.0302954273585812,0.0424135983020137,0.0302954273585812,0.0333249700944393,0.024236341886865,0.00302954273585812,IT,None,186_4
0.0530171917980452,0.107549160504606,0.160566352302651,0.162081129211167,0.0439285303469518,0.0257512074447648,0.0378694227128894,0.0302955381703115,0.0363546458043739,0.0530171917980452,0.00908866145109347,0.00151477690851558,0.0924013914194502,0.0408989765299206,0.0560467456150764,0.0363546458043739,0.00908866145109347,0.00454433072554673,0.0318103150788271,0.0742240685172633,0.0727092916087477,0.0227216536277337,0.00151477690851558,0.0408989765299206,0.0302955381703115,0.0605910763406231,0.0257512074447648,0.0196920998107025,0.0181773229021869,0.0151477690851558,PT,Chkbd,186_18
0.0968444880379686,0.0830095611754017,0.120561505516655,0.134396432379222,0.0276698537251339,0.0079056724928954,0.0276698537251339,0.0237170174786862,0.0731274705592824,0.0592925436967155,0.0079056724928954,0.0118585087393431,0.0434811987109247,0.0573161255734916,0.039528362464477,0.0454576168341485,0.0039528362464477,0.0039528362464477,0.0533632893270439,0.0909152336682971,0.0909152336682971,0.0079056724928954,0.00988209061611925,0.0454576168341485,0.0415047805877008,0.0474340349573724,0.039528362464477,0.0138349268625669,0.0276698537251339,0.00592925436967155,PT,Chkbd,186_19
0.0639222877768884,0.117478799157525,0.195222122129416,0.205587898525668,0.0259144409906304,0.0207315527925043,0.0552841407800116,0.0760156935725159,0.0345525879875072,0.0760156935725159,0.00345525879875072,0.00345525879875072,0.0345525879875072,0.062194658377513,0.0535565113806362,0.0483736231825101,0.00863814699687681,0.00345525879875072,0.0449183643837594,0.105385393361897,0.0604670289781377,0.0241868115912551,0.00345525879875072,0.0310973291887565,0.0345525879875072,0.0656499171762638,0.0397354761856333,0.00863814699687681,0.0241868115912551,0.0172762939937536,PT,Chkbd,186_24
0.0331074710166146,0.0645595684823985,0.155605113778089,0.18043571704055,0.0281413503641224,0.0115876148558151,0.0513165800757526,0.0413843387707683,0.0662149420332292,0.0629041949315678,0.00993224130498438,0.00827686775415365,0.0297967239149531,0.0910455452956902,0.0910455452956902,0.0314520974657839,0.00331074710166146,0.00827686775415365,0.018209109059138,0.0446950858724297,0.0629041949315678,0.00496612065249219,0.00165537355083073,0.0463504594232605,0.06787031558406,0.119186895659813,0.0927009188465209,0.0115876148558151,0.0364182181182761,0.0115876148558151,PT,Chkbd,186_26
0.0273192891930119,0.0894942232184873,0.154495290608757,0.150727112789031,0.052754489476161,0.0160147557338346,0.0357976892873949,0.0395658671071207,0.033913600377532,0.0744215119395842,0.00659431118452012,0.00471022227465723,0.0320295114676692,0.061232889570544,0.0602908451156125,0.0395658671071207,0.0122465779141088,0.00471022227465723,0.0320295114676692,0.0442760893817779,0.0292033781028748,0.0141306668239717,0.000942044454931446,0.0207249780084918,0.016956800188766,0.0188408890986289,0.0122465779141088,0.00188408890986289,0.0244931558282176,0.016956800188766,PT,None,186_27
0.00341763898573548,0.1059468085578,0.126452642472213,0.0205058339144129,0,0.0205058339144129,0.0136705559429419,0.0307587508716193,0.164046671315303,0.00341763898573548,0.00683527797147096,0.0136705559429419,0.0102529169572064,0.0102529169572064,0.092276252614858,0,0,0.0136705559429419,0.0170881949286774,0.0341763898573548,0.0307587508716193,0,0.00341763898573548,0.00683527797147096,0.00683527797147096,0.0136705559429419,0.0102529169572064,0.00341763898573548,0.0136705559429419,0.0102529169572064,IT,Gratings,190_19
0.0176787769420627,0.0530363308261881,0.159108992478564,0.0580874099524917,0.00505107912630363,0.0101021582526073,0.040408633010429,0.00757661868945544,0.0202043165052145,0.0126276978157591,0.00505107912630363,0.00505107912630363,0.040408633010429,0.02778093519467,0.0606129495156435,0.00757661868945544,0.00252553956315181,0,0.0328320143209736,0.0202043165052145,0.0833428055840099,0.0101021582526073,0.00505107912630363,0.0101021582526073,0.0101021582526073,0.0454597121367327,0.0580874099524917,0.00757661868945544,0.00505107912630363,0.0126276978157591,PT,Chkbd,190_25
0.162410122532004,0.180999232942293,0.138929140961112,0.240680061101644,0.0459835889096637,0.0176107361781691,0.0557673312308687,0.125231901711424,0.0410917177490612,0.0557673312308687,0.00782699385696403,0.011740490785446,0.0322863496599766,0.0802266870338813,0.0616375766235917,0.00880536808908454,0.00782699385696403,0.00489187116060252,0.0225026073387716,0.0459835889096637,0.0528322085345072,0.0146756134818076,0.00489187116060252,0.0303296011957356,0.0195674846424101,0.0185891104102896,0.0185891104102896,0.00684861962484353,0.0244593558030126,0.00782699385696403,PT,Chkbd,192_4
0.049006581630473,0.0845363533125659,0.153145567595228,0.151920403054466,0.0245032908152365,0.0183774681114274,0.0673840497419004,0.128642276779992,0.0441059234674257,0.0257284553559983,0.00735098724457095,0.00245032908152365,0.0355297716820929,0.0441059234674257,0.0600330624973294,0.00735098724457095,0,0.00245032908152365,0.0392052653043784,0.0355297716820929,0.0673840497419004,0.0110264808668564,0.00367549362228547,0.0355297716820929,0.0441059234674257,0.0294039489782838,0.0183774681114274,0.00367549362228547,0.0147019744891419,0.00122516454076182,PT,None,192_5
0.0431090802566605,0.0665111523959905,0.146570872872646,0.188448265121973,0.0480358322859932,0.00615844003666579,0.0652794643886574,0.0985350405866527,0.0566576483373253,0.077596344461989,0.0135485680806647,0.00615844003666579,0.0874498485206543,0.151497624901978,0.28451992969396,0.0739012804399895,0.0591210243519916,0.0332555761979953,0.110851920659984,0.054194272322659,0.104693480623318,0.0221703841319969,0.00492675202933263,0.0665111523959905,0.0418773922493274,0.0504992083006595,0.102230104608652,0.0221703841319969,0.0615844003666579,0.0184753201099974,PT,Chkbd,192_6
0.0678813875490606,0.0633559617124566,0.185542459300766,0.228534004748504,0.0701441004673626,0.0226271291830202,0.117661071751705,0.226271291830202,0.142550913853027,0.0407288325294364,0.0135762775098121,0.0339406937745303,0.160652617199443,0.287364540624357,0.262474698523034,0.0859830908954768,0.0497796842026444,0.0724068133856647,0.108610220078497,0.253423846849826,0.156127191362839,0.0429915454477384,0.00678813875490606,0.0656186746307586,0.0701441004673626,0.138025488016423,0.124449210506611,0.0203644162647182,0.0294152679379263,0.0203644162647182,PT,Chkbd,192_7
0.104774545228089,0.101032597184229,0.125355259469321,0.132839155557042,0.0467743505482541,0.0486453245701843,0.067355064789486,0.0785809089210669,0.0467743505482541,0.0280646103289525,0.011225844131581,0.00935487010965083,0.0692260388114161,0.11225844131581,0.157161817842134,0.0411614284824636,0.022451688263162,0.0243226622850922,0.0654840907675558,0.0767099348991368,0.056129220657905,0.00748389608772066,0.0168387661973715,0.0261936363070223,0.0710970128333463,0.123484285447391,0.0972906491403686,0.0430324025043938,0.022451688263162,0.0243226622850922,PT,None,192_8
0.103810500622744,0.0714760823959877,0.180392017475588,0.146355787763213,0.0272289837699001,0.00680724594247502,0.0595634019966564,0.0646688364535127,0.0731778938816065,0.0306326067411376,0.0272289837699001,0.00680724594247502,0.236551796501007,0.194006509360538,0.194006509360538,0.0612652134822752,0.0391416641692314,0.0272289837699001,0.117424992507694,0.0953014431946503,0.120828615478932,0.01361449188495,0.00850905742809378,0.0374398526836126,0.0323344182267564,0.0731778938816065,0.0510543445685627,0.0102108689137125,0.00510543445685627,0.0170181148561876,PT,None,192_9
0.0874761417891014,0.122727721316053,0.133172633768483,0.233704916123122,0.0339459654703976,0.0130561405655375,0.0430852638662738,0.0417796498097201,0.0430852638662738,0.0352515795269513,0.02088982490486,0.0182785967917525,0.0365571935835051,0.0744200012235639,0.0822536855628864,0.01044491245243,0.00522245622621501,0.00783368433932252,0.0378628076400588,0.0574470184883651,0.0548357903752576,0.00783368433932252,0.00522245622621501,0.0274178951876288,0.02088982490486,0.0195842108483063,0.0143617546220913,0.00522245622621501,0.01044491245243,0.00522245622621501,PT,Gratings,192_10
0.11994358034687,0.133831784387034,0.146457424423547,0.218423572631669,0.0454523041314456,0.0214635880620715,0.0479774321387481,0.161608192467362,0.0429271761241431,0.037876920109538,0.00505025601460506,0.0164133320474665,0.0265138440766766,0.0429271761241431,0.0164133320474665,0.0075753840219076,0.00505025601460506,0.00126256400365127,0.0404020481168405,0.056815380164307,0.061865636178912,0.0126256400365127,0.00126256400365127,0.018938460054769,0.0126256400365127,0.0265138440766766,0.0328266640949329,0.00126256400365127,0.0075753840219076,0.00883794802555886,PT,Gratings,192_11
0.0680731102638403,0.0605094313456358,0.107404240638504,0.155811785715012,0.0347929230237406,0.0211783009709725,0.0620221671292767,0.136146220527681,0.0196655651873316,0.0272292441055361,0.0015127357836409,0.0015127357836409,0.0363056588073815,0.0635349029129176,0.0665603744801994,0.00756367891820448,0,0.00453820735092269,0.0544584882110722,0.0907641470184537,0.0680731102638403,0.0121018862691272,0.0015127357836409,0.0317674514564588,0.0468948092928678,0.0347929230237406,0.0257165083218952,0.00907641470184537,0.0166400936200499,0.00302547156728179,PT,None,192_12
0.106439533737318,0.126089909196515,0.106439533737318,0.173578316556241,0.0147377815943978,0.0131002503061314,0.0622261889541241,0.186678566862372,0.0360256883418613,0.0556760638010584,0.0065501251530657,0.011462719017865,0.0524010012245256,0.0769639705485219,0.0524010012245256,0.0212879067474635,0.00163753128826642,0.00327506257653285,0.042575813494927,0.0769639705485219,0.0655012515306569,0.0131002503061314,0.00163753128826642,0.0229254380357299,0.0278380319005292,0.0196503754591971,0.0229254380357299,0.00163753128826642,0.0131002503061314,0.00163753128826642,PT,Gratings,192_13
0.0420211724406562,0.0747043065611665,0.14473959396226,0.253683374363961,0.0264577752404131,0.0124507177601944,0.0498028710407777,0.0747043065611665,0.136957895362139,0.0700352874010936,0.0326831341205104,0.0217887560803402,0.0420211724406562,0.136957895362139,0.1665283500426,0.0249014355203888,0.00778169860012151,0.0171197369202673,0.0591409093609235,0.135401555642114,0.0529155504808263,0.0233450958003645,0.00466901916007291,0.031126794400486,0.035795813560559,0.0606972490809478,0.0498028710407777,0.0186760766402916,0.0420211724406562,0.015563397200243,IT,None,192_14
0.0482382389637438,0.0578858867564926,0.135067069098483,0.152754423385189,0.0337667672746207,0.0128635303903317,0.0401985324697865,0.080397064939573,0.0675335345492414,0.0482382389637438,0.00321588259758292,0.00482382389637438,0.0723573584456157,0.178481484165852,0.127027362604525,0.0514541215613267,0.00964764779274876,0.0128635303903317,0.0434144150673694,0.102908243122653,0.0820050062383645,0.0160794129879146,0.0080397064939573,0.059493828055284,0.0337667672746207,0.0530620628601182,0.0450223563661609,0.00482382389637438,0.0080397064939573,0.0192952955854975,PT,Gratings,192_15
0.0573220482148242,0.0652589471984153,0.157856102006977,0.179903043628064,0.0546764152202939,0.00440938832421725,0.0520307822257635,0.0634951918687284,0.070550213187476,0.0511489045609201,0.00881877664843449,0.0017637553296869,0.0388026172531118,0.164911123325725,0.144627937034326,0.0537945375554504,0.0167556756320255,0.0264563299453035,0.0599676812093546,0.068786457857789,0.0599676812093546,0.0291019629398338,0.0070550213187476,0.0634951918687284,0.0229288192859297,0.0546764152202939,0.0264563299453035,0.0132281649726517,0.0132281649726517,0.0291019629398338,PT,Chkbd,192_16
0.063982168941667,0.12048590255249,0.121316839811473,0.19776306763788,0.0249281177694807,0.0149568706616884,0.0457015492440479,0.0324065531003249,0.0157878079206711,0.061489357164719,0.00332374903593075,0.010802184366775,0.024097180510498,0.0648131062006497,0.0565037336108228,0.010802184366775,0.00166187451796538,0.00332374903593075,0.0332374903593075,0.0365612393952383,0.0390540511721864,0.00664749807186151,0.00332374903593075,0.0315756158413422,0.0423778002081171,0.0232662432515153,0.0182806196976192,0.00166187451796538,0.0232662432515153,0.00415468629491344,PT,None,192_17
0.0478949910377951,0.0773688316764382,0.127719976100787,0.173158813752028,0.0307019173319199,0.0257896105588127,0.0319299940251967,0.112983055781465,0.018421150399152,0.0233334571722591,0.00736846015966078,0.0135088436260448,0.0319299940251967,0.0478949910377951,0.0442107609579647,0.0196492270924288,0.00491230677310719,0.00368423007983039,0.0294738406386431,0.0282457639453663,0.0380703774915807,0.00614038346638398,0.00368423007983039,0.0233334571722591,0.0221053804789823,0.0171930737058752,0.0221053804789823,0.00245615338655359,0.0147369203193216,0.00736846015966078,PT,None,192_18
0.0265875370390639,0.0118166831284729,0.0649917572066007,0.106350148156256,0.0502209032960096,0.00886251234635464,0.0118166831284729,0.0472667325138914,0.0709000987708371,0.0384042201675368,0.00590834156423643,0.00590834156423643,0.0206791954748275,0.0915792942456646,0.127029343631083,0.0265875370390639,0.0118166831284729,0.00590834156423643,0.0206791954748275,0.0443125617317732,0.0206791954748275,0.00590834156423643,0,0.0265875370390639,0.00886251234635464,0.0324958786033003,0.0118166831284729,0.00590834156423643,0.00886251234635464,0.0147708539105911,PT,Gratings,192_34
0.0240247025063288,0.0540555806392398,0.1516559345712,0.214720778650314,0.0585602123591764,0.00750771953322775,0.0360370537594932,0.0825849148655052,0.111114249091771,0.0390401415727843,0.0060061756265822,0.00450463171993665,0.0690710197056953,0.103606529558543,0.130634319878163,0.0345355098528476,0.00900926343987329,0.0120123512531644,0.0345355098528476,0.0915941783053785,0.0630648440791131,0.0180185268797466,0.0030030878132911,0.0555571245458853,0.016516982973101,0.0345355098528476,0.016516982973101,0.00750771953322775,0.0255262464129743,0.0195200707863921,PT,Chkbd,192_35
0.0697408587829196,0.0996297982613137,0.120979040745881,0.269000455305547,0.00853969699382689,0.0113862626584358,0.0483916162983524,0.0483916162983524,0.116709192248967,0.0441217678014389,0.0398519193045255,0.0170793939876538,0.0412752021368299,0.128095454907403,0.209222576348759,0.0170793939876538,0.0185026768199583,0.0170793939876538,0.0597778789567882,0.146598131727362,0.0754339901121375,0.0313122223106986,0.00711641416152241,0.0412752021368299,0.0455450506337434,0.0469683334660479,0.038428636472221,0.0113862626584358,0.035582070807612,0.0128095454907403,IT,Chkbd,192_36
0.103712407331224,0.115055951883077,0.119917470976728,0.149086585538635,0.0315998741087324,0.0243075954682557,0.0372716463846587,0.0380818995669339,0.0251178486505309,0.0510459504833369,0.00567177227592632,0.00405126591137595,0.0291691145619068,0.0850765841388948,0.0453741782074106,0.017015316827779,0.00162050636455038,0.00243075954682557,0.0153948104632286,0.0340306336555579,0.0324101272910076,0.00567177227592632,0.00567177227592632,0.0234973422859805,0.012964050916403,0.0194460763746045,0.0226870891037053,0.0072922786404767,0.0153948104632286,0.0072922786404767,PT,Chkbd,192_39
0.0939353634816595,0.107014971055055,0.127228910032121,0.161711511816528,0.0297263808486264,0.0237811046789011,0.0237811046789011,0.117716468160561,0.0285373256146814,0.061830872165143,0.0118905523394506,0.00475622093578023,0.0166467732752308,0.0475622093578023,0.0428059884220221,0.0142686628073407,0,0.00237811046789011,0.0142686628073407,0.0689652035688133,0.0570746512293627,0.0107014971055055,0.00475622093578023,0.0261592151467913,0.0178358285091759,0.0285373256146814,0.0261592151467913,0.00594527616972528,0.0154577180412857,0.00237811046789011,PT,None,192_47
0.0605287485979152,0.0363172491587491,0.0913433842477629,0.190390427407988,0.031915158351628,0.0110052270178028,0.0407193399658702,0.104549656669126,0.0539256123872335,0.0462219534747716,0.00660313621068165,0.0044020908071211,0.075936066422839,0.157374746354579,0.075936066422839,0.0275130675445069,0.0110052270178028,0.0143067951231436,0.0418198626676505,0.124359065301171,0.0803381572299601,0.0264125448427266,0.00880418161424221,0.0495235215801124,0.0220104540356055,0.0561266577907941,0.044020908071211,0.00550261350890138,0.0143067951231436,0.0165078405267041,PT,Gratings,192_48
0.0421437922702867,0.0940130750644857,0.181542489779696,0.249620923447083,0.00324183017463744,0.0162091508731872,0.074562094016661,0.0534901978815177,0.0972549052391231,0.051869282794199,0.00810457543659359,0.00324183017463744,0.0599738582307926,0.150745103120641,0.0696993487547049,0.0275555564844182,0.0145882357858685,0.00648366034927487,0.0194509810478246,0.0372810470083305,0.0551111129688364,0.00972549052391231,0,0.011346405611231,0.0340392168336931,0.0810457543659359,0.0567320280561551,0.011346405611231,0.0129673206985497,0.011346405611231,PT,None,194_2
0.101768429648276,0.157641292984584,0.29133707311075,0.339228098827586,0.00598637821460446,0.0458955663119675,0.223491453345233,0.15165491476998,0.0798183761947261,0.111745726672617,0.00997729702434076,0.0119727564292089,0.039909188097363,0.207527778106288,0.091791132623935,0.0598637821460446,0.00598637821460446,0.0159636752389452,0.0319273504778904,0.0678456197655172,0.0439001069070993,0.025940972263286,0.00798183761947261,0.025940972263286,0.0538774039314401,0.173604968223529,0.0858047544093305,0.025940972263286,0.0478910257168356,0.0199545940486815,PT,Chkbd,194_3
0.0970387191651318,0.125268164740443,0.116446462998158,0.218778203208661,0.00352868069691389,0.0123503824391986,0.0388154876660527,0.0282294455753111,0.0846883367259332,0.00529302104537083,0.0123503824391986,0.00176434034845694,0.0793953156805624,0.0864526770743902,0.0811596560290194,0.0194077438330264,0.00705736139382777,0.0105860420907417,0.0247007648783972,0.100567399862046,0.0229364245299403,0.0388154876660527,0.00176434034845694,0.00352868069691389,0.0458728490598805,0.029993785923768,0.0405798280145097,0.031758126272225,0.125268164740443,0,IT,Gratings,194_11
0.0359800509969465,0.0329817134138676,0.128928516072392,0.136424360030089,0.023986700664631,0.00749584395769718,0.0224875318730916,0.1064409841993,0.0374792197884859,0.0224875318730916,0.00299833758307887,0.00449750637461831,0.058467582870038,0.0689617644108141,0.082454283534669,0.0314825446223282,0.0119933503323155,0.00599667516615775,0.0509717389123409,0.071960101993893,0.047973401329262,0.0269850382477099,0.00449750637461831,0.034480882205407,0.00899501274923662,0.00749584395769718,0.0224875318730916,0,0.00449750637461831,0.00299833758307887,PT,Gratings,195_4
0.0495668402407654,0.0444036277156856,0.123917100601913,0.150765805732328,0.0392404151906059,0.0134243525652073,0.018587565090287,0.0351098451705421,0.0351098451705421,0.0485341977357494,0.00516321252507972,0.00619585503009567,0.0475015552307335,0.0960357529664829,0.0619585503009567,0.0340772026655262,0.00929378254514351,0.00619585503009567,0.0258160626253986,0.0423383427056537,0.0505994827457813,0.0165222800802551,0.00103264250501595,0.0258160626253986,0.0175549225852711,0.0299466326454624,0.018587565090287,0.00206528501003189,0.00826114004012756,0.0144569950702232,PT,Chkbd,195_6
0.0261766440368738,0.0450819980635049,0.125066188176175,0.141063026198709,0.0552618040778447,0.00727129001024273,0.0203596120286796,0.0596245780839904,0.0349021920491651,0.0465362560655534,0.00436277400614564,0.00872554801229127,0.0581703200819418,0.0843469641188156,0.0843469641188156,0.0392649660553107,0.0130883220184369,0.0203596120286796,0.0436277400614564,0.0610788360860389,0.0494447720696505,0.0349021920491651,0.0116340640163884,0.0334479340471165,0.0334479340471165,0.0363564500512136,0.0305394180430194,0.0101798060143398,0.00872554801229127,0.0174510960245825,PT,Gratings,195_7
0.0374396315512452,0.0588337067233852,0.11766741344677,0.128364451032841,0.0561594473268677,0.00802277818955253,0.0294168533616926,0.125690191636323,0.0267425939651751,0.0641822255164203,0.00267425939651751,0.00802277818955253,0.0561594473268677,0.0615079661199027,0.0508109285338327,0.0240683345686576,0,0.00534851879303502,0.0133712969825876,0.0374396315512452,0.0240683345686576,0.0187198157756226,0,0.0133712969825876,0.0187198157756226,0.0294168533616926,0.0401138909477627,0.0240683345686576,0.0133712969825876,0.00802277818955253,PT,Gratings,195_8
0.0474737486774886,0.0639069693735424,0.102251150997668,0.146073072853811,0.0346923548027802,0.0091295670533632,0.0675587961948877,0.0492996620881613,0.0310405279814349,0.0182591341067264,0.0127813938747085,0.00547774023201792,0.142421246032466,0.0584292291415245,0.105902977819013,0.0273887011600896,0.0127813938747085,0.00182591341067264,0.0219109609280717,0.0511255754988339,0.045647835266816,0.0109554804640358,0,0.0182591341067264,0.0164332206960538,0.0273887011600896,0.0365182682134528,0.00730365364269056,0.00182591341067264,0.0219109609280717,PT,None,195_9
0.04639124990356,0.0383927585408773,0.114378426486364,0.140773447983217,0.0423920042222187,0.0135974353165607,0.0239954740880483,0.051990193857438,0.0311941163144628,0.0431918533584869,0.00399924568134138,0.00319939654507311,0.0671873274465352,0.111978879077559,0.0967817454884615,0.0319939654507311,0.0127975861802924,0.0199962284067069,0.0271948706331214,0.037592909404609,0.0455914007672918,0.0103980387714876,0.00799849136268277,0.0327938145869993,0.0119977370440242,0.0263950214968531,0.0295944180419262,0.00639879309014621,0.00799849136268277,0.014397284452829,PT,Gratings,195_10
0.0815148027087157,0.059283492879066,0.106216258074993,0.187731060783709,0.0469327651959272,0.0049402910732555,0.0308768192078469,0.0629887111840076,0.0358171102811024,0.0444626196592995,0.00741043660988325,0.00123507276831387,0.0506379835008689,0.133387858977898,0.11486176745319,0.0469327651959272,0.009880582146511,0.0247014553662775,0.0506379835008689,0.0654588567206354,0.0679290022572631,0.0160559459880804,0,0.049402910732555,0.0172910187563942,0.0271716009029052,0.0209962370613359,0.00864550937819712,0.0111156549148249,0.0160559459880804,PT,None,195_16
0.105414923690858,0.0961680005600806,0.107264308317013,0.377274463735701,0.0351383078969525,0.00924692313077698,0.0480840002800403,0.0591803080369726,0.0998667698123913,0.0739753850462158,0.0332889232707971,0.0129456923830878,0.0536321541585065,0.170143385606296,0.170143385606296,0.0314395386446417,0.0221926155138647,0.0258913847661755,0.0499333849061957,0.18863723186785,0.0536321541585065,0.0369876925231079,0.0018493846261554,0.0258913847661755,0.0406864617754187,0.0591803080369726,0.0499333849061957,0.00924692313077698,0.0443852310277295,0.018493846261554,IT,None,195_17
0.0929344922566557,0.23853186345875,0.139401738384984,0.799236633407239,0.275705660361412,0.0185868984513311,0.0743475938053246,0.257118761910081,0.142499554793539,0.223042781415974,0.0247825312684415,0.0371737969026623,0.266412211135746,0.241629679867305,0.724889039601915,0.278803476769967,0.219944965007419,0.0712497773967694,0.182771168104756,0.0929344922566557,0.32836853930685,0.0247825312684415,0.0526628789454382,0.207553699373198,0.142499554793539,0.015489082042776,0.0433694297197727,0.00619563281711038,0.164184269653425,0.0309781640855519,PT,Gratings,195_18
0.0547783022363488,0.167557159781773,0.08055632681816,0.328669813418093,0.170779412854499,0.0096667592181792,0.112778857545424,0.0902230860363392,0.0418892899454432,0.151445894418141,0.0096667592181792,0.0128890122909056,0.132112375981782,0.157890400563594,0.534894010072583,0.138556882127235,0.0290002776545376,0.0418892899454432,0.11600111061815,0.0515560491636224,0.293225029618102,0.0290002776545376,0.0290002776545376,0.0676673145272544,0.064445061454528,0.0096667592181792,0.0418892899454432,0.0128890122909056,0.0870008329636128,0.0128890122909056,PT,None,195_19
0.0759440513469701,0.0740917574116782,0.118546811858685,0.203752332882115,0.0185229393529195,0.0111137636117517,0.0333412908352552,0.0259321150940874,0.0740917574116782,0.0166706454176276,0.0277844090293793,0.00185229393529195,0.209309214687991,0.129660575470437,0.144478926952772,0.0518642301881747,0.0370458787058391,0.0203752332882115,0.040750466576423,0.042602760511715,0.0592734059293425,0.0314889968999632,0.00370458787058391,0.0222275272235035,0.0296367029646713,0.0537165241234667,0.0222275272235035,0.00926146967645977,0.0111137636117517,0.0185229393529195,PT,None,195_20
0.0376367831564282,0.0498687376822674,0.125142303995124,0.140197017257695,0.0122319545258392,0.00470459789455352,0.0244639090516783,0.0517505768400888,0.0263457482094997,0.0263457482094997,0.00658643705237493,0.00188183915782141,0.0602188530502851,0.111969429890374,0.0752735663128564,0.0658643705237493,0.00282275873673211,0.0103501153680178,0.0423413810509817,0.0592779334713744,0.0498687376822674,0.00752735663128564,0.00282275873673211,0.0141137936836606,0.0141137936836606,0.0291685069462318,0.0263457482094997,0.00470459789455352,0.00564551747346423,0.0103501153680178,PT,None,195_21
0.132543006364655,0.12399184466371,0.162472072317965,0.31853077336022,0.00855116170094551,0.0192401138271274,0.0235156946776001,0.0235156946776001,0.121854054238473,0.00641337127570913,0.00855116170094551,0.00213779042523638,0.0983383595608733,0.00855116170094551,0.0256534851028365,0.00427558085047275,0.00427558085047275,0.00213779042523638,0.0577203414813822,0.0534447606309094,0.0235156946776001,0.0128267425514183,0.00213779042523638,0.0106889521261819,0.0256534851028365,0.0213779042523638,0.00855116170094551,0.0320668563785457,0.0384802276542548,0,IT,Chkbd,196_1
0.186406366044995,0.173438966667952,0.149125092835996,0.41333585514325,0.0129673993770431,0.0129673993770431,0.0243138738319559,0.0162092492213039,0.0988764202499539,0.0129673993770431,0.00324184984426078,0.00810462461065195,0.121569369159779,0.00972554953278235,0.0534905224303029,0.00972554953278235,0.00648369968852156,0.00486277476639117,0.0518695975081725,0.0940136454835627,0.029176648598347,0.0210720239876951,0.00162092492213039,0.0129673993770431,0.0324184984426078,0.029176648598347,0.0340394233647382,0.0405231230532598,0.105360119938475,0.00162092492213039,IT,None,196_2
0.205142496786955,0.151957405027374,0.112448479720257,0.343423735361865,0.00303914810054748,0.0136761664524636,0.0592633879606758,0.0167153145530111,0.107889757569435,0.00911744430164243,0.00455872215082122,0.00455872215082122,0.0364697772065697,0.0212740367038323,0.0471067955584859,0,0.00303914810054748,0.00303914810054748,0.0273523329049273,0.0714199803628657,0.0151957405027374,0.028871906955201,0.00151957405027374,0.00759787025136869,0.0455872215082122,0.0212740367038323,0.0227936107541061,0.028871906955201,0.0623025360612233,0,IT,None,196_3
0.209265463277933,0.175413697159444,0.147716797607952,0.353904827602386,0.00615486656699802,0.0246194662679921,0.0461614992524851,0.0246194662679921,0.126174764623459,0.00307743328349901,0.0184645997009941,0.00923229985049703,0.0553937991029822,0.0338517661184891,0.0892455652214713,0,0.00923229985049703,0.00307743328349901,0.101555298355467,0.0923229985049703,0.0307743328349901,0.0492389325359842,0.00923229985049703,0,0.0738583988039762,0.0246194662679921,0.012309733133996,0.0338517661184891,0.0553937991029822,0,IT,None,196_6
0.0977955132133399,0.108586742257571,0.125448037639181,0.265059563398914,0.0377693016548071,0.00472116270685089,0.0370948498395427,0.0269780726105765,0.0269780726105765,0.0795853142012008,0.00539561452211531,0.0101167772289662,0.019559102642668,0.02293136171899,0.0350714943937495,0.0303503316868986,0.00404671089158648,0.00134890363052883,0.0303503316868986,0.0499094343295666,0.019559102642668,0.0128145844900239,0.00404671089158648,0.0256291689800477,0.0121401326747594,0.0202335544579324,0.0107912290442306,0.00741896996790855,0.0134890363052883,0.00539561452211531,PT,None,196_7
0.0737475888082996,0.0806306970970743,0.141595370511935,0.320556186020076,0.0353988426279838,0.00786640947288529,0.0521149627578651,0.0432652521008691,0.0403153485485371,0.117012840909169,0.00786640947288529,0.0127829153934386,0.0432652521008691,0.0275324331550985,0.0747308899924103,0.0393320473644265,0.00884971065699596,0.00786640947288529,0.0678477817036357,0.0452318544690904,0.0412986497326478,0.0235992284186559,0.000983301184110662,0.0678477817036357,0.0226159272345452,0.0275324331550985,0.0245825296027665,0.0137662165775493,0.0845639018335169,0.0108163130252173,PT,Gratings,196_8
0.135456088454182,0.113828645759816,0.145700666572565,0.366528239346609,0.0523611770495156,0.013659437491178,0.0478080312191229,0.0307337343551504,0.0341485937279449,0.0409783124735339,0.0113828645759816,0.00796800520318715,0.193508697791688,0.027318874982356,0.114966932217415,0.0227657291519633,0.0295954478975523,0.00455314583039266,0.0842331978622642,0.0421165989311321,0.0375634531007394,0.0159360104063743,0.00455314583039266,0.0478080312191229,0.0261805885247578,0.0330103072703468,0.013659437491178,0.00569143228799082,0.0284571614399541,0.0170742968639725,PT,Gratings,196_9
0.244408931233998,0.206542758789294,0.127368034586732,0.485375483154842,0.0240966551920843,0.0103271379394647,0.0619628276367883,0.0447509310710138,0.16867658634459,0.0206542758789294,0.0172118965657745,0.0137695172526196,0.0447509310710138,0.0619628276367883,0.0688475862630981,0.0172118965657745,0.0103271379394647,0.00344237931315491,0.0654052069499432,0.141137551839351,0.037866172444704,0.037866172444704,0,0.0137695172526196,0.0550780690104785,0.037866172444704,0.0172118965657745,0.0516356896973236,0.075732344889408,0.00688475862630982,IT,None,196_11
0.129533537492193,0.119569419223562,0.128426413240123,0.328815902864797,0.0376422245703808,0.0121783667727703,0.0287852305538206,0.0243567335455405,0.0520348398472911,0.0243567335455405,0.0154997395289803,0.0287852305538206,0.097426934182162,0.00774986976449016,0.101855431190442,0.0121783667727703,0.0343208518141707,0.00664274551242014,0.100748306938372,0.0332137275621007,0.0210353607893304,0.0188211122851904,0.00110712425207002,0.0276781063017506,0.0210353607893304,0.0243567335455405,0.0121783667727703,0.00664274551242014,0.00442849700828009,0.0121783667727703,PT,None,196_12
0.079162303562382,0.0551957345939545,0.146704452473405,0.260000960324154,0.0464806186054353,0.010167635319939,0.0188827513084581,0.0355867236197864,0.0137989336484886,0.0980450548708402,0.00290503866283971,0.00508381765996949,0.0181564916427482,0.0275978672969772,0.0428493202768857,0.0392180219483361,0.00363129832854964,0.00290503866283971,0.0428493202768857,0.0464806186054353,0.0268716076312673,0.0145251933141985,0.00217877899712978,0.0479331379368552,0.0108938949856489,0.0152514529799085,0.0123464143170688,0.0079888563228092,0.020335270639878,0.0181564916427482,PT,None,196_14
0.0809291458213805,0.0556387877521991,0.147808092715438,0.266953779619137,0.0556387877521991,0.0084301193563938,0.0443986286103407,0.0432746126961548,0.0286624058117389,0.0854252094781238,0.00505807161383628,0.00505807161383628,0.0241663421549956,0.0269763819404602,0.0325964615113894,0.0269763819404602,0.0314724455972035,0.00168602387127876,0.0342824853826681,0.0472086683958053,0.0269763819404602,0.014050198927323,0.00112401591418584,0.0359685092539469,0.00955413527057964,0.0168602387127876,0.00786811139930088,0.00955413527057964,0.0174222466698805,0.0084301193563938,PT,Chkbd,196_15
0.103532555682026,0.0715853670715726,0.141395890331453,0.246703289825172,0.0491040121234754,0.0106490628701513,0.0479207829156808,0.0461459391039889,0.0212981257403026,0.0851925029612103,0.00236645841558918,0.00236645841558918,0.0230729695519945,0.0319471886104539,0.0455543245000916,0.0425962514806052,0.00177484381169188,0.00887421905845941,0.0366801054416322,0.0491040121234754,0.0349052616299403,0.00769098985066482,0.00118322920779459,0.0349052616299403,0.0130155212857405,0.0183400527208161,0.0147903650974323,0.00887421905845941,0.00887421905845941,0.00769098985066482,PT,None,196_16
0.109434972839181,0.0903474775765333,0.145064963996124,0.282494929887189,0.0712599823138854,0.0114524971575887,0.0623524845246497,0.104344974102475,0.0292674927360601,0.104344974102475,0.00636249842088263,0.0101799974734122,0.0190874952626479,0.0292674927360601,0.0254499936835305,0.0610799848404732,0.00636249842088263,0.00254499936835305,0.0674424832613558,0.131067467470182,0.0407199898936488,0.0127249968417653,0.00254499936835305,0.0381749905252958,0.0139974965259418,0.0254499936835305,0.0152699962101183,0.00890749778923568,0.0470824883145314,0.0152699962101183,PT,Chkbd,196_17
0.0829193162185409,0.0441060192651813,0.0958570818696608,0.23758442377511,0.0382252166964905,0.00529272231182176,0.0235232102747634,0.0740981123655047,0.0182304879629416,0.0646888282555993,0.00176424077060725,0.00529272231182176,0.0317563338709306,0.0217589695041561,0.0170543274492035,0.021170889247287,0.00411656179808359,0.00411656179808359,0.0323444141277997,0.0458702600357886,0.021170889247287,0.0076450433392981,0.00117616051373817,0.0317563338709306,0.00882120385303627,0.0223470497610252,0.00646888282555993,0.00823312359616719,0.0111735248805126,0.0076450433392981,PT,None,196_19
0.131449914805337,0.107021169576027,0.147735744958211,0.346655527539739,0.0628167734467984,0.00814291507643683,0.0372247546351398,0.0709596885232352,0.0255920188116586,0.102368075246634,0.00465309432939247,0.00697964149408871,0.0174491037352218,0.029081839558703,0.0221021980646142,0.0348982074704435,0.00348982074704435,0.00465309432939247,0.0465309432939247,0.0721229621055833,0.0360614810527917,0.0116327358234812,0.00232654716469624,0.0570004055350578,0.0127960094058293,0.0151225565705255,0.00581636791174059,0.00465309432939247,0.019775650899918,0.00930618865878494,PT,None,196_20
0.08168705420783,0.0709151349716327,0.161578788542961,0.280967560077481,0.0610408756717851,0.00807893942714803,0.028725117963193,0.0466783166901886,0.0359063974539912,0.0987425929984759,0.00359063974539912,0.00179531987269956,0.0134648990452467,0.0484736365628882,0.044882996817489,0.0520642763082873,0.00269297980904934,0.00807893942714803,0.0502689564355877,0.0628361955444846,0.0161578788542961,0.0161578788542961,0.00179531987269956,0.0484736365628882,0.0134648990452467,0.0215438384723947,0.0170555387906458,0.00807893942714803,0.0215438384723947,0.0143625589815965,PT,Gratings,196_21
0.164911738223876,0.126039685642534,0.146064682426861,0.323933771511184,0.0895235150358182,0.00471176394925359,0.0553632264037297,0.1142602757694,0.0294485246828349,0.148420564401488,0.00471176394925359,0.00588970493656699,0.0353382296194019,0.0353382296194019,0.0412279345559689,0.0223808787589546,0.0023558819746268,0.0011779409873134,0.0494735214671627,0.0565411673910431,0.0270926427082081,0.00942352789850718,0.0011779409873134,0.0376941115940287,0.0259147017208947,0.0282705836955215,0.00942352789850718,0.0129573508604474,0.017669114809701,0.00706764592388039,PT,Gratings,196_26
0.124215460616329,0.133666636967571,0.132316468917394,0.402350078952891,0.00945117635124241,0.0135016805017749,0.049956217856567,0.0283535290537272,0.102612771813489,0.0472558817562121,0.0310538651540822,0.0229528568530173,0.0121515124515974,0.0175521846523073,0.0891110913117142,0.00270033610035497,0.00810100830106492,0.00405050415053246,0.049956217856567,0.103962939863667,0.0175521846523073,0.0337542012544372,0,0.00675084025088744,0.0121515124515974,0.0189023527024848,0.0108013444014199,0.0148518485519524,0.0459057137060346,0.00135016805017749,IT,Gratings,196_32
0.139697038565155,0.111460403110496,0.139697038565155,0.425035670528026,0.00743069354069976,0.00743069354069976,0.0356673289953588,0.117404957943056,0.0624178257418779,0.0133752483732596,0.0059445548325598,0.00743069354069976,0.090654461196537,0.059445548325598,0.0802514902395574,0.0059445548325598,0.0059445548325598,0.00445841612441985,0.0847099063639772,0.102543570861657,0.0237782193302392,0.0208059419139593,0.00148613870813995,0.00445841612441985,0.0535009934930382,0.0386396064116387,0.0222920806220993,0.0163475257895395,0.0787653515314174,0,IT,Chkbd,196_33
0.124848370348457,0.145136230530082,0.121727161089746,0.310560321241788,0.00624241851742287,0.0187272555522686,0.0343333018458258,0.0702272083210073,0.0546211620274502,0.00780302314677859,0.00780302314677859,0.00624241851742287,0.0483787435100273,0.0249696740696915,0.0593029759155173,0.00624241851742287,0.00312120925871144,0.00624241851742287,0.157621067564928,0.1092423240549,0.0514999527687387,0.0171666509229129,0.0124848370348457,0.0171666509229129,0.0436969296219601,0.0171666509229129,0.0187272555522686,0.0280908833284029,0.0795908360971417,0.00156060462935572,IT,None,196_35
0.211389050416645,0.200712835749138,0.200712835749138,0.544486948042873,0.0192171864015132,0.0384343728030263,0.0683277738720468,0.0918154461405629,0.10249166080807,0.027758158135519,0.0128114576010088,0.0149467005345102,0.136655547744094,0.0725982597390498,0.128114576010088,0.00640572880050439,0.0298934010690205,0.00640572880050439,0.115303118409079,0.113167875475578,0.108897389608575,0.0448401016035307,0.0106762146675073,0.0149467005345102,0.0405696157365278,0.0448401016035307,0.0320286440025219,0.0469753445370322,0.1451965194781,0,IT,None,196_37
0.0858380691379578,0.0572253794253052,0.159894442511882,0.305482540167438,0.0488098824509956,0.00420774848715479,0.0151478945537573,0.0218802921332049,0.0168309939486192,0.0917289170199745,0.00252464909229288,0.00336619878972383,0.0227218418306359,0.021038742435774,0.0370281866869622,0.060591578215029,0.0168309939486192,0.00168309939486192,0.191873331014259,0.0681655254919076,0.0269295903177907,0.0176725436460501,0.00420774848715479,0.0488098824509956,0.0126232454614644,0.0159894442511882,0.00589084788201671,0.00252464909229288,0.0504929818458575,0.0151478945537573,PT,Chkbd,196_39
0.0612615160204247,0.0472014959501633,0.161690230808006,0.275174678517973,0.0682915260555555,0.00401714859150326,0.0220943172532679,0.0532272188374182,0.0291243272883987,0.0974158533439541,0.00200857429575163,0.011047158626634,0.0441886345065359,0.0331414758799019,0.038162911619281,0.0301286144362745,0.00502143573937908,0.00200857429575163,0.049210070245915,0.0964115661960783,0.0241028915490196,0.0170728815138889,0.00200857429575163,0.0391671987671568,0.00602572288725489,0.00803429718300652,0.00602572288725489,0.00401714859150326,0.0441886345065359,0.00401714859150326,PT,Gratings,196_41
0.0891783277392246,0.0884225791990617,0.149638210952258,0.287940193802073,0.0483679065704269,0.0136034737229326,0.0521466492712415,0.0634828773736853,0.0392989240884719,0.0891783277392246,0.0136034737229326,0.00529023978114044,0.0347644328474943,0.0461006609499382,0.0680173686146628,0.0506351521909157,0.00906898248195505,0.00906898248195505,0.0733076083958033,0.0612156317531966,0.0332529357671685,0.0113362281024438,0.0037787427008146,0.0498794036507527,0.0302299416065168,0.0219167076647247,0.0113362281024438,0.00831323394179212,0.0272069474458651,0.0151149708032584,PT,None,196_42
0.0767977592853792,0.059134274649742,0.118268549299484,0.22885732267043,0.0245752829713213,0.00998370870709929,0.014591574264222,0.014591574264222,0.02227135019276,0.0176634846356372,0.0199674174141986,0.0161275294499296,0.135932033935121,0.0238073053784675,0.0791016920639405,0.0122876414856607,0.0176634846356372,0.00537584314997654,0.0599022522425958,0.0391668572355434,0.0238073053784675,0.014591574264222,0.00153595518570758,0.0176634846356372,0.014591574264222,0.0161275294499296,0.00614382074283033,0.00230393277856138,0.0161275294499296,0.0207353950070524,PT,Gratings,196_43
0.0968018086736947,0.116162170408434,0.141975986054752,0.36354457035232,0.0408718747733378,0.0107557565192994,0.0838949008505354,0.159185196485631,0.135522532143173,0.0645345391157965,0.0107557565192994,0.0107557565192994,0.0516276312926372,0.073139144331236,0.0817437495466755,0.0473253286849174,0.0129069078231593,0.00430230260771977,0.0666856904196564,0.152731742574052,0.109708716496854,0.0301161182540384,0.0150580591270192,0.0473253286849174,0.073139144331236,0.118313321712294,0.0580810852042168,0.0279649669501785,0.0301161182540384,0.0193603617347389,PT,None,199_1
0.0823999719383476,0.0890810507441595,0.129167523579031,0.336280966559202,0.0489945779092877,0.0111351313430199,0.0712648405953276,0.0823999719383476,0.129167523579031,0.0690378143267236,0.0222702626860399,0.0155891838802279,0.0779459194011396,0.0601297092523077,0.142529681190655,0.0423134991034758,0.0222702626860399,0.00445405253720798,0.0935351032813675,0.0734918668639316,0.100216182087179,0.0244972889546439,0.0155891838802279,0.0467675516406838,0.0734918668639316,0.0668107880581196,0.0512216041778917,0.0200432364174359,0.0244972889546439,0.0200432364174359,PT,None,199_2
0.047308503070762,0.0538338138391429,0.101142316909905,0.195759323051429,0.0522024861470477,0.0081566384604762,0.0701470907600953,0.161501441517429,0.0897230230652382,0.0831977122968573,0.0114192938446667,0.0212072599972381,0.0277325707656191,0.0261012430735238,0.040783192302381,0.0179446046130476,0.0114192938446667,0.00163132769209524,0.0489398307628572,0.102773644602,0.0783037292205715,0.0212072599972381,0.00652531076838096,0.0228385876893334,0.0636217799917144,0.0619904522996191,0.0717784184521906,0.00489398307628572,0.0146819492288572,0.0195759323051429,PT,None,199_3
0.0938652159988928,0.0821320639990312,0.187730431997786,0.2628226047969,0.0633590207992526,0.0305061951996401,0.0797854335990588,0.124371411198533,0.13141130239845,0.103251737598782,0.0164264127998062,0.00938652159988928,0.0445859775994741,0.0821320639990312,0.0539724991993633,0.0727455423991419,0.00703989119991696,0.00234663039997232,0.0445859775994741,0.145491084798284,0.0657056511992249,0.0258129343996955,0.00469326079994464,0.0328528255996125,0.133757932798422,0.0985584767988374,0.0868253247989758,0.0234663039997232,0.0164264127998062,0.0234663039997232,PT,Chkbd,199_4
0.147129278435591,0.157514874560457,0.0553898459992815,0.271756431933975,0.00173093268747755,0.00519279806243264,0.0536589133118039,0.0553898459992815,0.109048759311085,0.0588517113742366,0.00519279806243264,0.0207711922497306,0.0536589133118039,0.076161038249012,0.121165288123428,0.00519279806243264,0.00519279806243264,0.00346186537495509,0.0484661152493713,0.0657754421241468,0.0398114518119836,0.0294258556871183,0,0.019040259562253,0.0519279806243264,0.0605826440617141,0.0225021249372081,0.0242330576246856,0.019040259562253,0.0173093268747755,IT,None,199_5
0.0841663672599189,0.108013504650229,0.120638459739217,0.28756842147139,0.0140277278766532,0.00981940951365721,0.0729441849585964,0.0827635944722536,0.137471733191201,0.0308610013286369,0.0168332734519838,0.0238471373903104,0.0210415918149797,0.0589164570819432,0.0897774584105802,0.00841663672599189,0.00420831836299595,0.00280554557533063,0.0336665469039676,0.0925830039859108,0.0575136842942779,0.0350693196916329,0.00561109115066126,0.0308610013286369,0.0308610013286369,0.0771525033215923,0.0504998203559513,0.0168332734519838,0.0140277278766532,0.00280554557533063,IT,None,199_6
0.138052929352194,0.103539697014145,0.103539697014145,0.260574904152266,0.00690264646760969,0.0172566161690242,0.0517698485070727,0.0638494798253896,0.0862830808451211,0.0396902171887557,0.00345132323380485,0.0172566161690242,0.0465928636563654,0.0845574192282187,0.0603981565915848,0.0103539697014145,0.0103539697014145,0.00690264646760969,0.0293362474873412,0.0465928636563654,0.0207079394028291,0.012079631318317,0.00345132323380485,0.00862830808451211,0.0345132323380485,0.0483185252732678,0.0258849242535363,0.0138052929352194,0.00690264646760969,0.0172566161690242,IT,None,199_7
0.0518033791083981,0.0594779537911237,0.182271148714734,0.297389768955618,0.0690711721445307,0.00575593101204423,0.0613965974618051,0.105525401887478,0.0901762525220262,0.0863389651806634,0.0115118620240885,0.0153491493654513,0.0537220227790795,0.0594779537911237,0.0613965974618051,0.0441288044256724,0.00575593101204423,0,0.0767457468272564,0.118955907582247,0.0825016778393006,0.0230237240481769,0.0172677930361327,0.0613965974618051,0.0709898158152121,0.132386413277017,0.0652338848031679,0.0249423677188583,0.0249423677188583,0.0383728734136282,PT,Gratings,199_8
0.121726777443508,0.114964178696647,0.118345478070078,0.307698242982202,0.0101438981202924,0.0101438981202924,0.0507194906014618,0.0625540384084696,0.0777698855889081,0.0202877962405847,0.00676259874686157,0.0236690956140155,0.0185971465538693,0.0304316943608771,0.0845324843357697,0.0101438981202924,0.00676259874686157,0.00338129937343079,0.0185971465538693,0.0439568918546002,0.0355036434210233,0.0169064968671539,0.00338129937343079,0.0236690956140155,0.0287410446741617,0.0321223440475925,0.0185971465538693,0.0118345478070078,0.0118345478070078,0.0118345478070078,IT,Chkbd,199_10
0.0779424763362568,0.0894046052092357,0.116913714504385,0.247581983656345,0.0275091092951495,0.0114621288729789,0.0504333670411073,0.0618954959140863,0.0687727732378736,0.0618954959140863,0.0137545546475747,0.00458485154919158,0.0343863866189368,0.0641879216886821,0.100866734082215,0.00916970309838315,0.00458485154919158,0.0137545546475747,0.0275091092951495,0.0481409412665115,0.0573106443648947,0.0137545546475747,0.00229242577459579,0.032093960844341,0.0504333670411073,0.0183394061967663,0.0160469804221705,0.00687727732378736,0.00229242577459579,0.0137545546475747,PT,None,199_11
0.111966040003609,0.106436852842937,0.164493318029993,0.330368932850154,0.0511449812362163,0.0179698582721841,0.0718794330887364,0.161728724449657,0.0290282325935281,0.0787909170395764,0.00552918716067203,0.00552918716067203,0.0373220133345362,0.0649679491378963,0.0566741683968883,0.0207344518525201,0.00552918716067203,0.00138229679016801,0.0635856523477283,0.163111021239825,0.0774086202494084,0.0221167486426881,0.00552918716067203,0.0262636390131921,0.0539095748165523,0.103672259262601,0.0594387619772243,0.0179698582721841,0.00967607753117605,0.0110583743213441,PT,None,199_13
0.104920614177655,0.0934224646787338,0.112106957614481,0.189719466732198,0.0273081050599376,0.00862361212419082,0.0287453737473027,0.0373689858714935,0.0229962989978422,0.041680791933589,0.00287453737473027,0,0.021559030310477,0.0344944484967633,0.0172472242483816,0.0273081050599376,0.00718634343682568,0.00143726868736514,0.0301826424346679,0.0891106586166384,0.0459925979956844,0.00862361212419082,0.00574907474946054,0.0186844929357468,0.0359317171841284,0.0646770909314311,0.0445553293083192,0.00287453737473027,0.00862361212419082,0.00718634343682568,PT,None,199_14
0.0575966582731922,0.0806353215824691,0.129016514531951,0.294894890358744,0.0207347969783492,0.00921546532371076,0.0599005246041199,0.096762385898963,0.0322541286329877,0.0483811929494815,0.0138231979855661,0.00460773266185538,0.0552927919422646,0.0691159899278307,0.0391657276257707,0.0575966582731922,0.00921546532371076,0.00460773266185538,0.0138231979855661,0.036861861294843,0.0253425296402046,0.00691159899278307,0,0.0207347969783492,0.0161270643164938,0.0115193316546384,0.00921546532371076,0.00230386633092769,0.0230386633092769,0.02995026230206,PT,Gratings,199_15
0.0677109087292915,0.0553998344148749,0.138499586037187,0.173893924691135,0.0353943386539478,0.00307776857860416,0.0507831815469686,0.0430887601004582,0.0292388014967395,0.0630942558613853,0.0107721900251146,0.00153888428930208,0.0246221486288333,0.038472107232552,0.0446276443897603,0.0153888428930208,0.0076944214465104,0.00461665286790624,0.0338554543646458,0.0677109087292915,0.0307776857860416,0.0153888428930208,0.00307776857860416,0.0276999172074374,0.0477054129683645,0.0754053301758019,0.0477054129683645,0.0169277271823229,0.0276999172074374,0.018466611471625,IT,Gratings,199_16
0.0535198498648062,0.0656834521068076,0.131366904213615,0.253002926633629,0.0413562476228048,0.00973088179360112,0.0377071669502043,0.0364908067260042,0.0231108442598027,0.0656834521068076,0.00851452156940098,0.00364908067260042,0.0377071669502043,0.0632507316584073,0.0462216885196053,0.0377071669502043,0.0121636022420014,0.00243272044840028,0.0255435647082029,0.0802797747972092,0.052303489640606,0.0145963226904017,0.00729816134520084,0.0413562476228048,0.0498707691922057,0.0754143339004087,0.0352744465018041,0.00851452156940098,0.0231108442598027,0.0133799624662015,PT,None,199_17
0.0648140367629921,0.0532915413384602,0.18868086257671,0.239091780059038,0.0518512294103937,0.0100821834964654,0.0345674862735958,0.0979412111085214,0.0331271743455293,0.0748962202594575,0.00576124771226596,0.00288062385613298,0.0216046789209974,0.0273659266332633,0.0432093578419947,0.0316868624174628,0.00576124771226596,0.00288062385613298,0.0187240550648644,0.128187761597918,0.0504109174823272,0.0115224954245319,0.00288062385613298,0.0460899816981277,0.0388884220577953,0.0619334129068591,0.0547318532665267,0.0187240550648644,0.0288062385613298,0.0201643669929309,PT,None,199_18
0.0586571530525793,0.0716920759531524,0.143384151906305,0.157722567096935,0.0586571530525793,0.0104279383204585,0.0404082609917768,0.0351942918315476,0.0404082609917768,0.0690850913730378,0.00651746145028659,0.0117314306105159,0.0351942918315476,0.0351942918315476,0.0547466761824073,0.0573536607625219,0.0078209537403439,0.00651746145028659,0.028676830381261,0.024766353511089,0.024766353511089,0.00912444603040122,0.00260698458011463,0.0169453997707451,0.0143384151906305,0.0182488920608024,0.00651746145028659,0.00260698458011463,0.0221593689309744,0.0169453997707451,PT,None,199_19
0.0685020078856289,0.0780161756475219,0.129392681561744,0.22834002628543,0.0247368361809216,0.0152226684190287,0.0513765059142217,0.0380566710475716,0.0665991743332504,0.0570850065713575,0.00761133420951433,0.00761133420951433,0.0323481703904359,0.0437651717047074,0.0894331769617933,0.0399595045999502,0.0133198348666501,0.00380566710475716,0.0342510039428145,0.0399595045999502,0.022834002628543,0.0190283355237858,0.00380566710475716,0.0494736723618431,0.0266396697333001,0.0190283355237858,0.00570850065713575,0.0114170013142715,0.0171255019714072,0.0209311690761644,PT,None,199_21
0.0971275399057192,0.175511168601563,0.175511168601563,0.383398183838365,0.0289678627788987,0.0119279434971936,0.148247297750835,0.0783836286958435,0.069863669054991,0.0681596771268205,0.0187439112098756,0.0187439112098756,0.0306718547070692,0.0323758466352397,0.0630477013423089,0.00851995964085256,0.00340798385634102,0.00340798385634102,0.0528237497732859,0.155063265463517,0.0255598789225577,0.0255598789225577,0.00511197578451154,0.0136319354253641,0.0408958062760923,0.0851995964085256,0.0562317336296269,0.0170399192817051,0.0323758466352397,0.0187439112098756,IT,None,199_22
0.112408606631795,0.133225015267312,0.084306454973846,0.226898854127141,0.0156123064766381,0.00208164086355175,0.0322654333850522,0.0489185602934662,0.0686941484972078,0.0104082043177588,0.00624492259065526,0.00520410215887938,0.0145714860448623,0.168612909947692,0.0697349689289837,0.00624492259065526,0.00104082043177588,0.00624492259065526,0.0197755882037416,0.0353878946803798,0.0645308667701043,0.00832656345420701,0.00520410215887938,0.00832656345420701,0.0478777398616903,0.0614084054747767,0.016653126908414,0.0104082043177588,0.00104082043177588,0.00416328172710351,IT,None,199_24
0.0787491225553567,0.108798129846217,0.146100345793491,0.302562418239002,0.0290128346256577,0.00621703599121237,0.0445554246036887,0.0528448059253052,0.0942917125333877,0.0227957986344454,0.00518086332601031,0.0103617266520206,0.0248681439648495,0.134702446476268,0.0652788779077299,0.00725320865641443,0.00725320865641443,0.0113978993172227,0.0290128346256577,0.0518086332601031,0.0528448059253052,0.0124340719824247,0.00207234533040412,0.00725320865641443,0.0694235685685382,0.0714959138989423,0.0259043166300516,0.0134702446476268,0.0145064173128289,0.0082893813216165,IT,None,199_25
0.0650984095339703,0.0818979990911239,0.125996921678652,0.377990765035957,0.0125996921678652,0.00839979477857681,0.0398990251982399,0.0535486917134272,0.0955476656063113,0.0398990251982399,0.0178495639044757,0.010499743473221,0.0167995895571536,0.158546126445637,0.0797980503964797,0.00419989738928841,0.00524987173661051,0.00839979477857681,0.0188995382517978,0.0860978964804123,0.0577485891027156,0.020999486946442,0.00419989738928841,0.0146996408625094,0.0461988712821725,0.0167995895571536,0.0220494612937641,0.0146996408625094,0.0398990251982399,0.0178495639044757,IT,None,199_30
0.0643119052674176,0.068696807899287,0.175396105274775,0.301096647388364,0.0467722947399401,0.0160779763168544,0.0350792210549551,0.0701584421099101,0.0599270026355482,0.0394641236868244,0.00876980526373877,0.00438490263186938,0.0350792210549551,0.150548323694182,0.0862364184267645,0.0190012447381007,0.0190012447381007,0.0146163421062313,0.0306943184230857,0.0979294921117495,0.0657735394780407,0.02338614736997,0.00146163421062313,0.0321559526337088,0.0730817105311564,0.092082955269257,0.0380024894762013,0.0219245131593469,0.0555421000036788,0.0102314394743619,IT,None,199_33
0.0440454937358498,0.111409190037738,0.137318304000002,0.409364000603781,0.0142500126792455,0.0233182025660381,0.0582955064150954,0.0712500633962277,0.0829091646792467,0.0803182532830203,0.0155454683773588,0.0259091139622646,0.0194318354716985,0.0297954810566043,0.102341000150945,0.0103636455849058,0.00518182279245292,0.00129545569811323,0.0194318354716985,0.125659202716983,0.0349773038490572,0.033681848150944,0.00777273418867938,0.0259091139622646,0.0595909621132086,0.0570000507169821,0.0453409494339631,0.0285000253584911,0.033681848150944,0.0129545569811323,IT,None,199_34
0.148146679804678,0.175246682207973,0.108400009613179,0.504060044701282,0.0162600014419768,0.00722666730754527,0.0578133384603621,0.0415533370183853,0.124660011055156,0.0542000048065895,0.0126466677882042,0.0325200028839537,0.0361333365377263,0.0289066692301811,0.0993666754787474,0.00542000048065895,0.00722666730754527,0.0162600014419768,0.039746670191499,0.106593342786293,0.0271000024032947,0.0361333365377263,0.00361333365377263,0.0180666682688632,0.0469733374990442,0.0505866711528169,0.0361333365377263,0.0180666682688632,0.03432666971084,0.0180666682688632,IT,None,199_35
0.0875816411543934,0.127618962824973,0.185172612726432,0.270251921276414,0.0350326564617574,0.0150139956264674,0.0450419868794023,0.0700653129235147,0.0425396542749911,0.0550513172970473,0.0150139956264674,0.00500466520882248,0.0250233260441124,0.062558315110281,0.0600559825058698,0.0450419868794023,0.010009330417645,0.00500466520882248,0.0450419868794023,0.147637623660263,0.0850793085499822,0.010009330417645,0.00750699781323372,0.0225209934397012,0.0800746433411597,0.137628293242618,0.072567645527926,0.0175163282308787,0.0275256586485237,0.0250233260441124,PT,None,199_36
0.0707269535168559,0.110510864870087,0.162082601809462,0.27848737947262,0.0279960857670888,0.0132613037844105,0.0751473881116594,0.145874341628515,0.0736739099133916,0.0839882573012664,0.0132613037844105,0.00589391279307133,0.035363476758428,0.0456778241463028,0.0618860843272489,0.0338899985601601,0.0132613037844105,0.00294695639653566,0.0471513023445706,0.0663065189220524,0.0486247805428385,0.0235756511722853,0.00147347819826783,0.0324165203618923,0.0412573895514993,0.044204345948035,0.0162082601809462,0.0117878255861427,0.053045215137642,0.0206286947757496,PT,None,199_37
0.0473137919176951,0.0604005854268448,0.13489464078662,0.209388696146395,0.0382537041036684,0.0130867935091497,0.0593939090030641,0.0251669105945187,0.0523471740365989,0.0744940553597753,0.00906008781402673,0.00503338211890374,0.0231535577469572,0.0271802634420802,0.0332203219847647,0.0432870862225721,0.00503338211890374,0.00201335284756149,0.0281869398658609,0.0302002927134224,0.0281869398658609,0.00503338211890374,0.00302002927134224,0.0181201756280535,0.0110734406615882,0.0332203219847647,0.0422804097987914,0.0191268520518342,0.0221468813231764,0.0271802634420802,PT,None,220_10
0.0661260533369243,0.0755726323850563,0.165315133342311,0.238526120965334,0.0779342771470894,0.00472328952406602,0.0590411190508253,0.0661260533369243,0.0850192114331884,0.0802959219091224,0.0141698685721981,0.0141698685721981,0.0212548028582971,0.122805527625717,0.0448712504786272,0.00944657904813204,0.00472328952406602,0.00236164476203301,0.0661260533369243,0.162953488580278,0.0684876980989573,0.0188931580962641,0.00472328952406602,0.0566794742887923,0.0519561847647262,0.0755726323850563,0.0330630266684621,0.0354246714304952,0.0307013819064291,0.0141698685721981,PT,Gratings,220_21
0.113061473549836,0.0706634209686474,0.14446743842479,0.21356056114969,0.0690931227248996,0.0078514912187386,0.108350578818593,0.102069385843602,0.0565307367749179,0.0408277543374407,0.0172732806812249,0,0.039257456093693,0.251247718999635,0.0690931227248996,0.0141326841937295,0.010992087706234,0.00471089473124316,0.0565307367749179,0.182154596274735,0.0581010350186656,0.0219841754124681,0.0078514912187386,0.0533901402874224,0.0926475963811154,0.127194157743565,0.0376871578499453,0.0329762631187021,0.00628119297499088,0.0078514912187386,PT,Chkbd,220_22
0.133975798433984,0.146380964955649,0.143899931651316,0.215849897476974,0.0545827326953268,0.0148861998259982,0.0347344662606625,0.066987899216992,0.0595447993039929,0.0545827326953268,0.00992413321733215,0.0173672331303313,0.069468932521325,0.248103330433304,0.0818740990429902,0.0173672331303313,0.00496206660866607,0.00496206660866607,0.0570637659996599,0.17119129799898,0.064506865912659,0.0198482664346643,0.00744309991299911,0.0396965328693286,0.129013731825318,0.186077497824978,0.0471396327823277,0.0372154995649956,0.0198482664346643,0.0148861998259982,PT,Gratings,220_23
0.100230711501403,0.0918781522096196,0.133640948668538,0.245565243178438,0.071832009909339,0.0100230711501403,0.0367512608838478,0.0968896877846898,0.0968896877846898,0.0501153557507016,0.00668204743342688,0.011693583008497,0.0317397253087777,0.225519100878157,0.0751730336260524,0.0150346067252105,0.00668204743342688,0.011693583008497,0.0601384269008419,0.19879091114445,0.0651499624759121,0.0167051185835672,0.00167051185835672,0.0451038201756314,0.0668204743342688,0.0935486640679763,0.0367512608838478,0.0217166541586374,0.0150346067252105,0.00668204743342688,PT,Chkbd,220_26
0.118447015283373,0.118447015283373,0.103641138372952,0.235043295952944,0.044417630731265,0.00555220384140813,0.0240595499794352,0.0851337922349246,0.0555220384140813,0.0351639576622515,0.00370146922760542,0,0.0462683653450677,0.131402157579992,0.0425668961174623,0.00555220384140813,0.00185073461380271,0.00555220384140813,0.0388654268898569,0.209133011359706,0.0703279153245029,0.0259102845932379,0.00370146922760542,0.031462488434646,0.0906859960763327,0.0999396691453463,0.0240595499794352,0.0222088153656325,0.00740293845521083,0.00740293845521083,PT,None,220_30
0.0959061601625568,0.0919100701557836,0.145857285247222,0.215788860365753,0.0739276651253042,0.0039960900067732,0.039960900067732,0.0439569900745052,0.049951125084665,0.0379628550643454,0.0039960900067732,0.0079921800135464,0.0159843600270928,0.149853375253995,0.0739276651253042,0.0239765400406392,0.0039960900067732,0.0079921800135464,0.049951125084665,0.11189052018965,0.0459550350778918,0.0259745850440258,0.0019980450033866,0.0439569900745052,0.069931575118531,0.119882700203196,0.0579433050982114,0.0279726300474124,0.019980450033866,0.0319687200541856,PT,Chkbd,220_31
0.0831010518621105,0.0848691593485384,0.144984813887086,0.189187501047783,0.0689561919706874,0.00530432245928365,0.0371302572149855,0.0724924069435432,0.0795648368892547,0.0495070096199807,0.0123767524049952,0.00176810748642788,0.0247535048099904,0.129071846509235,0.0530432245928365,0.0176810748642788,0.00353621497285577,0,0.0353621497285577,0.102550234212817,0.0777967294028269,0.00884053743213941,0.00353621497285577,0.0495070096199807,0.0442026871606971,0.0831010518621105,0.0318259347557019,0.0159129673778509,0.030057827269274,0.00530432245928365,IT,Chkbd,220_32
0.0586068300317533,0.0827390541624752,0.117213660063507,0.206847635406188,0.0430932573762892,0.00861865147525783,0.0206847635406188,0.0810153238674236,0.0465407179663923,0.0499881785564954,0.00689492118020627,0,0.0327508756059798,0.139622153899177,0.0568830997367017,0.00689492118020627,0.00344746059010313,0.00344746059010313,0.0603305603268048,0.129279772128868,0.0344746059010313,0.0189610332455672,0.00689492118020627,0.0465407179663923,0.0379220664911345,0.0844627844575268,0.0189610332455672,0.0137898423604125,0.0103423817703094,0.0051711908851547,PT,None,220_61
0.142261588267027,0.113809270613621,0.197668733171027,0.284523176534054,0.101829347391135,0.0209648656393513,0.0613971065152431,0.119799232224865,0.0613971065152431,0.0943418953770809,0.0119799232224865,0.0104824328196757,0.0374372600702702,0.157236492295135,0.103326837793946,0.0164723944309189,0.00449247120843242,0.0119799232224865,0.077869500946162,0.131779155447351,0.0718795393349188,0.0194673752365405,0.00449247120843242,0.0524121640983783,0.0838594625574052,0.131779155447351,0.0524121640983783,0.0179698848337297,0.0224623560421621,0.0149749040281081,PT,None,220_65
0.130745247977536,0.144009258641924,0.183801290635087,0.320231114611646,0.0701097706546207,0.0132640106643877,0.075794346653644,0.100427509316078,0.0909532159843728,0.100427509316078,0.0151588693307288,0.0132640106643877,0.056845759990233,0.111796661314125,0.123165813312172,0.0397920319931631,0.0341074559941398,0.0151588693307288,0.0511611839912097,0.115586378646807,0.0871634986516906,0.0170537279970699,0.0075794346653644,0.0492663253248686,0.0530560426575508,0.0738994879873029,0.0265280213287754,0.018948586663411,0.0075794346653644,0.0018948586663411,PT,None,220_75
0.045016986447001,0.0848891744429162,0.151771554307032,0.174923147336918,0.06173758141303,0.0102895969021717,0.0321549903192864,0.0836029748301447,0.0270101918682006,0.0334411899320579,0,0.00128619961277146,0.0334411899320579,0.0463031860597725,0.075885777153516,0.0372997887703723,0.0231515930298862,0.00257239922554291,0.0372997887703723,0.0424445872214581,0.030868790706515,0.00514479845108583,0,0.0578789825747156,0.0192929941915719,0.030868790706515,0.0180067945788004,0.00643099806385729,0.0205791938043433,0.0192929941915719,PT,None,220_78
0.0610170831013204,0.0800001756217312,0.16542409196358,0.290170128526279,0.0528814720211444,0.00677967590014671,0.0501696016610857,0.104407008862259,0.0230508980604988,0.0705086293615258,0.0094915462602054,0,0.0311865091406749,0.0596611479212911,0.0637289534613791,0.0406780554008803,0.0230508980604988,0.00677967590014671,0.0379661850408216,0.051525536841115,0.0352543146807629,0.0162712221603521,0.00542374072011737,0.0352543146807629,0.0271187036005869,0.0596611479212911,0.0352543146807629,0.00677967590014671,0.0284746387806162,0.00677967590014671,PT,None,220_79
0.10434847929583,0.11925540490952,0.154659353242034,0.257144466836152,0.0335405826308025,0.0130435599119787,0.0614910681564712,0.100621747892407,0.0577643367530487,0.0503108739462037,0.007453462806845,0.00931682850855625,0.0354039483325137,0.05962770245476,0.0465841425427812,0.00931682850855625,0.0111801942102675,0.007453462806845,0.0391306797359362,0.0559009710513375,0.0354039483325137,0.0167702913154012,0.00559009710513375,0.0260871198239575,0.04472077684107,0.0204970227188237,0.0316772169290912,0.00559009710513375,0.037267314034225,0.0167702913154012,PT,None,220_83
0.0916513010158167,0.109434389272617,0.123113687931694,0.220236708411142,0.042405825843139,0.0164151583908925,0.0465096154408622,0.0588209842340316,0.0369341063795082,0.0355661765136005,0.0109434389272617,0.00136792986590771,0.0314623869158774,0.184670531897541,0.0875475114180935,0.0205189479886157,0.00410378959772313,0.00820757919544627,0.0547171946363085,0.125849547663509,0.0752361426249241,0.019151018122708,0.00410378959772313,0.0341982466476928,0.0725002828931087,0.0957550906135398,0.0383020362454159,0.0205189479886157,0.0273585973181542,0.00273585973181542,PT,Chkbd,224_17
0.0657571528767375,0.0684970342466016,0.113020106506893,0.213710746849397,0.0397282798630289,0.00547976273972812,0.0308236654109707,0.0719218859589316,0.0246589323287766,0.0363034281506988,0.00616473308219414,0.00273988136986406,0.0246589323287766,0.108910284452096,0.0397282798630289,0.00958958479452422,0.00616473308219414,0.00616473308219414,0.0239739619863105,0.0472629536301551,0.0308236654109707,0.0089046144520582,0.00136994068493203,0.0130144365068543,0.0246589323287766,0.0328785764383688,0.0150693475342523,0.00205491102739805,0.00753467376712617,0.00410982205479609,PT,Chkbd,224_31
0.0737142213393138,0.0999237222599587,0.145790348871087,0.26700929062907,0.0343999699583464,0.00982856284524184,0.0524190018412898,0.0524190018412898,0.0343999699583464,0.0327618761508061,0.0180190318829434,0.00491428142262092,0.0606094708789914,0.175276037406813,0.10811419129766,0.0114666566527821,0.00819046903770154,0.00491428142262092,0.042590438996048,0.0868189717996363,0.0671618461091526,0.0163809380754031,0.00819046903770154,0.0278475947281852,0.0655237523016123,0.142514161256007,0.0343999699583464,0.0147428442678628,0.0147428442678628,0.0180190318829434,PT,Gratings,224_34
0.0685586417482378,0.0876912859570484,0.137117283496476,0.173788184896696,0.039859675435022,0.00318877403480176,0.0255101922784141,0.0414540624524229,0.0286989663132158,0.0239158052610132,0.00637754806960352,0,0.0207270312262114,0.079719350870044,0.0302933533306167,0.00637754806960352,0.00159438701740088,0.00478316105220264,0.0239158052610132,0.0494259975394273,0.0542091585916299,0.00956632210440528,0.00159438701740088,0.0159438701740088,0.0478316105220264,0.0382652884176211,0.0239158052610132,0.0079719350870044,0.0079719350870044,0,PT,None,224_35
0.0723058486718063,0.0712103055101122,0.159949301607329,0.166522560577493,0.0449172696294554,0.00876434529355227,0.0295796653657389,0.0668281328633361,0.0251974927189628,0.0153376042637165,0.00547771580847017,0.00438217264677614,0.0251974927189628,0.102981057199239,0.032866294850821,0.00657325897016421,0.0032866294850821,0.0032866294850821,0.0471083559528435,0.0712103055101122,0.0361529243359031,0.0131465179403284,0.00109554316169403,0.0109554316169403,0.0471083559528435,0.064637046539948,0.0471083559528435,0.00985988845524631,0.0109554316169403,0.00219108632338807,PT,None,224_36
0.0455530173020716,0.0700815650801101,0.107458399789502,0.168195756192264,0.0432169651327346,0.00700815650801101,0.018688417354696,0.0362088086247236,0.0175203912700275,0.028032626032044,0.00350407825400551,0.0011680260846685,0.0327047303707181,0.0794257737574581,0.0221924956087015,0.00817618259267951,0,0.00467210433867401,0.0362088086247236,0.0572332781487566,0.0385448607940606,0.011680260846685,0,0.0221924956087015,0.0198564434393645,0.0455530173020716,0.0327047303707181,0.0105122347620165,0.00817618259267951,0.011680260846685,PT,None,224_38
0.0684200501386731,0.11372521847374,0.11372521847374,0.258886676200385,0.0129443338100192,0.0175673101707404,0.02403947707575,0.0462297636072116,0.0443805730629231,0.0157181196264519,0.00647216690500962,0.00739676217715385,0.0166427148985962,0.075816812315827,0.0499281446957885,0.00277378581643269,0.00369838108857693,0.00554757163286539,0.0332854297971923,0.0369838108857692,0.0369838108857692,0.00647216690500962,0.00277378581643269,0.00647216690500962,0.0323608345250481,0.0388330014300577,0.0194165007150289,0.00832135744929808,0.00832135744929808,0.00277378581643269,IT,Chkbd,224_39
0.0820866837653663,0.0670708269790188,0.105110997504432,0.223235737557033,0.0470496845972221,0.0110116283099882,0.048050741716312,0.0750792839317375,0.024025370858156,0.030031713572695,0.00200211423817967,0.0030031713572695,0.0210221995008865,0.102107826147163,0.0310327706917848,0.006006342714539,0.00500528559544916,0.0030031713572695,0.0320338278108746,0.0440465132399526,0.036038056287234,0.0150158567863475,0.00100105711908983,0.024025370858156,0.0160169139054373,0.0370391134063238,0.0130137425481678,0.00700739983362883,0.00400422847635933,0.00400422847635933,PT,Gratings,224_55
0.0746616324108553,0.0525786143738418,0.100950939597776,0.200850306908076,0.0452176083615039,0.0115672951622452,0.0241861626119672,0.0673006263985175,0.0325987409117819,0.0178767288871062,0.00105157228747684,0.00315471686243051,0.0210314457495367,0.116724523909929,0.0304955963368282,0.0115672951622452,0.00210314457495367,0.00420628914990734,0.0294440240493514,0.0441660360740271,0.0378566023491661,0.00420628914990734,0,0.0147220120246757,0.0283924517618746,0.0452176083615039,0.0199798734620599,0.012618867449722,0.00315471686243051,0.0105157228747684,PT,None,224_56
0.0401138912282542,0.0565708722449739,0.117255989744128,0.228340611606986,0.0493709430501591,0.0123427357625398,0.0257140328386245,0.053485188304339,0.0236569102115346,0.054513749617884,0.00308568394063494,0.00308568394063494,0.0195426649573546,0.0709707306346036,0.0277711554657145,0.0102856131354498,0.00102856131354498,0.00102856131354498,0.0236569102115346,0.0380567686011643,0.0411424525417992,0.0123427357625398,0.00205712262708996,0.0370282072876193,0.0236569102115346,0.0246854715250795,0.0154284197031747,0.00822849050835984,0.00617136788126988,0.00617136788126988,IT,Gratings,224_57
0.136366596144757,0.119105001696054,0.132914277255016,0.236483843947237,0.0397016672320178,0.0155354350038331,0.0535109427909806,0.0845818127986467,0.0397016672320178,0.0414278266768882,0.00345231888974068,0.00172615944487034,0.0362493483422772,0.143271233924238,0.0500586239012399,0.0138092755589627,0.00517847833461102,0.0086307972243517,0.086307972243517,0.15362819059346,0.0880341316883874,0.0207139133384441,0.00345231888974068,0.0155354350038331,0.127735798920405,0.124283480030665,0.0414278266768882,0.0138092755589627,0.0172615944487034,0.00345231888974068,PT,Chkbd,224_59
0.108634636135898,0.101471912874191,0.158773698967852,0.202943825748382,0.035813616308538,0.017906808154269,0.035813616308538,0.0656582965656529,0.0453639139908148,0.0322322546776842,0.00716272326170759,0.0035813616308538,0.0214881697851228,0.122960082659314,0.0441701267805302,0.011937872102846,0.0011937872102846,0.0035813616308538,0.0382011907291072,0.0775961686684989,0.10385948729476,0.0131316593131306,0.00835651047199219,0.0274571058365458,0.0370074035188226,0.10385948729476,0.0214881697851228,0.0167130209439844,0.0143254465234152,0.00716272326170759,PT,Chkbd,224_60
0.0775570009664554,0.0793196600793294,0.183316547738895,0.274974821608342,0.0264398866931098,0.0229145684673618,0.0493544551604716,0.0581677507248416,0.0423038187089757,0.0176265911287399,0.0229145684673618,0.00528797733862196,0.139250069917045,0.195655161529013,0.139250069917045,0.0176265911287399,0.0158639320158659,0.0158639320158659,0.0440664778218497,0.0740316827407075,0.0916582738694473,0.0246772275802358,0.00176265911287399,0.0387785004832277,0.0793196600793294,0.0846076374179514,0.0405411595961017,0.00528797733862196,0.0193892502416139,0.0158639320158659,PT,Chkbd,224_61
0.10711795846854,0.0767196189031435,0.172257257537247,0.269242436150655,0.0376360394619195,0.014475399793046,0.0911950186961895,0.0738245389445344,0.0593491391514884,0.0318458795447011,0.0115803198344368,0.00723769989652298,0.0593491391514884,0.146201537909764,0.0955376386341033,0.00868523987582757,0.00868523987582757,0.00868523987582757,0.0260557196274827,0.0882999387375803,0.0622442191100976,0.0159229397723505,0.0101327798551322,0.0217130996895689,0.075272078923839,0.118698278302977,0.05355897923427,0.0246081796481781,0.0101327798551322,0.00868523987582757,PT,Chkbd,224_62
0.0779519002286699,0.101171615190401,0.145952494045169,0.225562945342534,0.0680005938164993,0.0149269596182559,0.0398052256486825,0.0563907363356336,0.0348295724425972,0.0398052256486825,0.00497565320608532,0.00497565320608532,0.0248782660304266,0.131025534426913,0.0613663895417189,0.0149269596182559,0.00165855106869511,0.00663420427478042,0.0215611638930364,0.106147268396487,0.0597078384730238,0.0116098574808657,0.00165855106869511,0.0215611638930364,0.0597078384730238,0.0713176959538895,0.0348295724425972,0.00829275534347553,0.0149269596182559,0.0116098574808657,PT,Chkbd,224_63
0.0860910860924819,0.0876014560239289,0.119319224584317,0.27639769745481,0.0422903580805174,0.0181244391773646,0.0317177685603881,0.0422903580805174,0.0573940573949879,0.0377592482861763,0.0060414797257882,0,0.0634355371207761,0.154057733007599,0.111767374927082,0.0135933293830235,0.00755184965723525,0.00151036993144705,0.030207398628941,0.0724977567094584,0.0830703462295878,0.0166140692459176,0.00151036993144705,0.0332281384918351,0.0271866587660469,0.0634355371207761,0.0196348091088117,0.0332281384918351,0.0256762888345999,0.0060414797257882,PT,Gratings,224_64
0.0384615384615385,0.0436390532544379,0.13387573964497,0.214497041420118,0.0406804733727811,0.00443786982248521,0.0273668639053254,0.0776627218934911,0.0517751479289941,0.0362426035502959,0.00665680473372781,0.000739644970414201,0.0347633136094675,0.0562130177514793,0.0702662721893491,0.022189349112426,0.0125739644970414,0.00369822485207101,0.0325443786982249,0.0539940828402367,0.0539940828402367,0.00369822485207101,0.0014792899408284,0.0355029585798817,0.0133136094674556,0.0621301775147929,0.0377218934911243,0.00443786982248521,0.0177514792899408,0.0118343195266272,PT,Gratings,224_67
0.0382550051665823,0.043036880812405,0.131501580260127,0.153020020666329,0.0263003160520253,0.00717281346873417,0.0334731295207595,0.0789009481560759,0.0239093782291139,0.0215184404062025,0.00239093782291139,0.00239093782291139,0.0502096942811392,0.0406459429894936,0.0382550051665823,0.0215184404062025,0.00478187564582278,0,0.0215184404062025,0.0239093782291139,0.0191275025832911,0.00239093782291139,0.00239093782291139,0.00239093782291139,0.00956375129164556,0.0358640673436709,0.0334731295207595,0.00478187564582278,0.00239093782291139,0,PT,None,224_68
0.0578064042371083,0.0876419677143254,0.110018640322238,0.182742826297955,0.0223766726079129,0.0130530590212825,0.0354297316291954,0.0634005723890865,0.0354297316291954,0.0317002861945432,0.00745889086930429,0.00559416815197822,0.0428886224984997,0.0671300178237386,0.0335650089118693,0.00745889086930429,0.00559416815197822,0.00186472271732607,0.0317002861945432,0.0410238997811736,0.0484827906504779,0.0149177817386086,0.00186472271732607,0.0242413953252389,0.05221223608513,0.0466180679331518,0.0279708407598911,0.00745889086930429,0.0149177817386086,0.0186472271732607,PT,Gratings,224_71
0.0584088088073357,0.0506209676330242,0.115519644085619,0.220655499938824,0.0467270470458685,0.0337473117553495,0.0454290735168166,0.119413564672775,0.0298533911681938,0.0376412323425052,0.00519189411620761,0.00389392058715571,0.0480250205749204,0.0519189411620761,0.0480250205749204,0.0350452852844014,0.02725744411009,0.0012979735290519,0.0194696029357786,0.0700905705688028,0.0350452852844014,0.00778784117431142,0,0.0207675764648305,0.0259594705810381,0.0480250205749204,0.0311513646972457,0.00259594705810381,0.0142777088195709,0.00259594705810381,PT,None,224_75
0.136404654103457,0.130798983386877,0.123324755764769,0.211146930324529,0.0168170121497413,0.00560567071658043,0.0429768088271166,0.039239695016063,0.0747422762210724,0.00747422762210724,0.00373711381105362,0.00747422762210724,0.0280283535829021,0.0672680485989651,0.0355025812050094,0.00560567071658043,0.00373711381105362,0,0.0448453657326434,0.0822165038431796,0.0336340242994826,0.0336340242994826,0.00186855690552681,0.0112113414331609,0.0448453657326434,0.0373711381105362,0.0186855690552681,0.0448453657326434,0.0373711381105362,0.00186855690552681,IT,None,224_79
0.11216770653187,0.1026887454165,0.134285282467731,0.225915239916301,0.00789913426280771,0.0142184416730539,0.0331763639037924,0.0679325546601463,0.0695123815127079,0.0126386148204923,0.00473948055768463,0.00947896111536925,0.0205377490833,0.0884703037434464,0.0805711694806387,0.0110587879679308,0.00789913426280771,0.00947896111536925,0.037915844461477,0.0726720352178309,0.0616132472499002,0.0221175759358616,0.00473948055768463,0.00631930741024617,0.0189579222307385,0.055293939839654,0.0537141129870924,0.0315965370512308,0.0426553250191616,0.00157982685256154,IT,None,224_80
0.158372159098139,0.169684456176577,0.132919490671652,0.302603946848229,0.0169684456176577,0.00848422280882885,0.0707018567402404,0.0593895596618019,0.0707018567402404,0.00848422280882885,0.00565614853921923,0.00282807426960962,0.0707018567402404,0.0791860795490693,0.0650457082010212,0.0113122970784385,0.00282807426960962,0,0.0395930397745346,0.107466822245165,0.0424211140441442,0.0311088169657058,0,0.0141403713480481,0.0452491883137539,0.0282807426960962,0.0424211140441442,0.0424211140441442,0.0565614853921923,0,IT,None,224_81
0.107675637821862,0.129210765386234,0.165102644660188,0.247653966990282,0.00717837585479077,0.0358918792739538,0.0897296981848846,0.122032389531443,0.0789621344026984,0.0143567517095815,0.0143567517095815,0.00717837585479077,0.0323026913465585,0.226118839425909,0.0502486309835354,0.0251243154917677,0,0.00358918792739538,0.0323026913465585,0.0861405102574892,0.0610161947657215,0.0251243154917677,0.00358918792739538,0.0143567517095815,0.0502486309835354,0.0861405102574892,0.0179459396369769,0.0287135034191631,0.0143567517095815,0.00717837585479077,IT,Gratings,224_83
0.082252900724307,0.109670534299076,0.127948956682255,0.185830627562323,0.00304640373052989,0.00913921119158967,0.0883457081853668,0.146227379065435,0.0243712298442391,0.0152320186526494,0.00913921119158967,0,0.0335104410358288,0.204109049945502,0.115763341760136,0.00913921119158967,0,0.0121856149221196,0.0396032484968885,0.115763341760136,0.082252900724307,0.00913921119158967,0.00304640373052989,0.0182784223831793,0.0639744783411277,0.130995360412785,0.0609280746105978,0.0182784223831793,0.0243712298442391,0,IT,Gratings,224_84
0.0877206971355729,0.0775990782353145,0.123146363286477,0.187249949654781,0.0303648567007752,0.0118085553836348,0.0556689039514213,0.0556689039514213,0.0438603485677865,0.0303648567007752,0.0033738729667528,0.00674774593350561,0.0590427769181741,0.0489211580179157,0.0607297134015505,0.0202432378005168,0.0101216189002584,0.0016869364833764,0.0134954918670112,0.0438603485677865,0.0522950309846685,0.00506080945012921,0.0033738729667528,0.00674774593350561,0.0219301742838932,0.0522950309846685,0.0438603485677865,0.00674774593350561,0.0185563013171404,0.00506080945012921,PT,None,224_88
0.0752331526559719,0.0460611138710032,0.152001675774311,0.167355380397978,0.0291720387849687,0.0107475932365674,0.0736977821936052,0.0598794480323042,0.013818334161301,0.0214951864731348,0.0107475932365674,0,0.0660209298817713,0.0875161163549061,0.09519296866674,0.0414550024839029,0.0107475932365674,0.00153537046236677,0.0291720387849687,0.04759648433337,0.0506672252581035,0.00307074092473355,0.00153537046236677,0.0107475932365674,0.0399196320215361,0.061414818494671,0.081374634505439,0.00460611138710032,0.00307074092473355,0.00153537046236677,PT,Gratings,224_91
0.0536458321816751,0.0670572902270938,0.147526038499606,0.236935758802398,0.0447048601513959,0.00894097203027918,0.0521556701766285,0.0447048601513959,0.0432146981463494,0.0312934021059771,0.0134114580454188,0.00447048601513959,0.0536458321816751,0.0610966422069077,0.0357638881211167,0.0432146981463494,0.00745081002523265,0.00298032401009306,0.0417245361413028,0.0610966422069077,0.0536458321816751,0.00745081002523265,0.00596064802018612,0.0119212960403722,0.0298032401009306,0.0447048601513959,0.0268229160908375,0.00298032401009306,0.0134114580454188,0.00894097203027918,PT,None,224_97
0.0543735369777884,0.0631434622967866,0.117516999274575,0.18592241676276,0.0561275220415881,0.0122778954465974,0.0385876714035918,0.112255044083176,0.0964691785089795,0.0578815071053877,0.0122778954465974,0.00701594025519851,0.0456036116587903,0.0508655668501892,0.0315717311483933,0.014031880510397,0.00175398506379963,0,0.0192938357017959,0.0491115817863896,0.0385876714035918,0.00526195519139888,0,0.0228018058293951,0.0175398506379963,0.042095641531191,0.0350797012759925,0.00350797012759925,0.0263097759569944,0.00526195519139888,PT,None,224_100
0.0666560895075823,0.060596445006893,0.166640223768956,0.193908624022058,0.0454473337551697,0.0136342001265509,0.0666560895075823,0.103013956511718,0.0484771560055144,0.0302982225034465,0.0166640223768956,0.00302982225034465,0.0530218893810314,0.056051711631376,0.0499920671306867,0.0333280447537911,0.0106043778762063,0,0.0121192890013786,0.051506978255859,0.0772604673837886,0.0060596445006893,0.00151491112517232,0.0136342001265509,0.0287833113782742,0.0666560895075823,0.0393876892544804,0.0106043778762063,0.00908946675103395,0.00302982225034465,PT,Chkbd,224_102
